doc_id,path,format,topic_id,topic,variant,trust_label,stated_value,correct_value,value_correct,author,author_role,doc_date,location,metadata_issues
EML-01,01_emails/EML-01__parental_leave_policy_2025_approved.eml,email,1,Parental leave,official_current,authoritative,16 weeks primary / 8 weeks secondary,16 weeks primary / 8 weeks secondary,True,Wim Goossens,Head of HR,2026-04-04,HR-Policies/Current Policies,
SPO-01,02_sharepoint/SPO-01__parental_leave_policy_FINAL_FINAL.json,sharepoint,1,Parental leave,outdated,outdated,12 weeks primary / 4 weeks secondary,16 weeks primary / 8 weeks secondary,False,Jan Peeters,HR Advisor (left company 2023),2023-08-15,HR-Policies/Policies (old),Marked 'Final'/'Approved' but superseded; review overdue; author has left the company
TMS-01,03_teams_messages/TMS-01__parental_leave_policy_final.json,teams,1,Parental leave,draft,draft_not_approved,20/10 weeks (proposal),16 weeks primary / 8 weeks secondary,False,Lotte Verhoeven,HR Project Lead,2026-05-24,HR-Project-Workspace/Working Drafts,Circulated as a proposal; some filenames say 'final'
PDF-01,04_pdf/PDF-01__parental_leave_notes.pdf,pdf,1,Parental leave,hearsay,unreliable_hearsay,12 weeks,16 weeks primary / 8 weeks secondary,False,Kevin Janssens,Warehouse Supervisor,2025-09-07,Ops-TeamSite/Misc,Not an HR document; unverified; owner metadata may be missing
PPT-01,05_powerpoint/PPT-01__RE_parental_leave_question.pptx,pptx,1,Parental leave,hr_clarification,authoritative_informal,16 weeks primary / 8 weeks secondary,16 weeks primary / 8 weeks secondary,True,Nadia El Amrani,HR Business Partner,2026-06-14,HR-Helpdesk/FAQ,"Correct but informal; located in helpdesk/FAQ, not the policy library"
DOC-01,06_word/DOC-01__payroll_parental_leave_reminder.docx,docx,1,Parental leave,partial,correct_but_incomplete,16 weeks primary (secondary omitted),16 weeks primary / 8 weeks secondary,True,Anke Dierckx,Payroll Coordinator,2026-01-24,Payroll-Team/Info Sheets,Correct headline value but omits conditions/details
XLS-01,07_excel/XLS-01__HR_parental_leave_final.xlsx,xlsx,1,Parental leave,outdated,outdated,12 weeks primary / 4 weeks secondary,16 weeks primary / 8 weeks secondary,False,Jan Peeters,HR Advisor (left company 2023),2023-05-21,HR-Policies/Policies (old),Marked 'Final'/'Approved' but superseded; review overdue; author has left the company
WIK-01,08_wiki_markdown/WIK-01__parental_leave_policy_2025_approved.md,wiki,1,Parental leave,official_current,authoritative,16 weeks primary / 8 weeks secondary,16 weeks primary / 8 weeks secondary,True,Wim Goossens,Head of HR,2025-11-17,HR-Policies/Current Policies,
EML-02,01_emails/EML-02__remote_work_policy_FINAL_v2.eml,email,2,Remote work,outdated,outdated,fully flexible,"max 3 remote days/week, 2 office days incl. Tuesday",False,Marleen Vos,HR Officer (left company 2022),2022-04-21,HR-Policies/Policies (old),Marked 'Final'/'Approved' but superseded; review overdue; author has left the company
SPO-02,02_sharepoint/SPO-02__remote_work_proposal_v0.4_comments.json,sharepoint,2,Remote work,draft,draft_not_approved,max 2 remote days (proposal),"max 3 remote days/week, 2 office days incl. Tuesday",False,Lotte Verhoeven,HR Project Lead,2026-06-20,HR-Project-Workspace/Working Drafts,Circulated as a proposal; some filenames say 'final'
TMS-02,03_teams_messages/TMS-02__remote_work_notes.json,teams,2,Remote work,hearsay,unreliable_hearsay,fully remote,"max 3 remote days/week, 2 office days incl. Tuesday",False,,,,Ops-TeamSite/Misc,Not an HR document; unverified; owner metadata may be missing; author/date metadata missing
PDF-02,04_pdf/PDF-02__remote_work_faq_answer.pdf,pdf,2,Remote work,hr_clarification,authoritative_informal,"max 3 remote days/week, 2 office days incl. Tuesday","max 3 remote days/week, 2 office days incl. Tuesday",True,Sofie Claes,HR Policy Manager,2026-07-13,HR-Helpdesk/FAQ,"Correct but informal; located in helpdesk/FAQ, not the policy library"
PPT-02,05_powerpoint/PPT-02__payroll_remote_work_reminder.pptx,pptx,2,Remote work,partial,correct_but_incomplete,max 3 remote days (anchor day omitted),"max 3 remote days/week, 2 office days incl. Tuesday",True,Anke Dierckx,Payroll Coordinator,2025-03-05,Payroll-Team/Info Sheets,Correct headline value but omits conditions/details
DOC-02,06_word/DOC-02__HR_remote_work_final.docx,docx,2,Remote work,outdated,outdated,fully flexible,"max 3 remote days/week, 2 office days incl. Tuesday",False,Marleen Vos,HR Officer (left company 2022),2023-02-22,HR-Policies/Policies (old),Marked 'Final'/'Approved' but superseded; review overdue; author has left the company
XLS-02,07_excel/XLS-02__remote_work_policy_2025_approved.xlsx,xlsx,2,Remote work,official_current,authoritative,"max 3 remote days/week, 2 office days incl. Tuesday","max 3 remote days/week, 2 office days incl. Tuesday",True,Wim Goossens,Head of HR,2025-09-29,HR-Policies/Current Policies,
WIK-02,08_wiki_markdown/WIK-02__HR_remote_work_policy_v3.0.md,wiki,2,Remote work,official_current,authoritative,"max 3 remote days/week, 2 office days incl. Tuesday","max 3 remote days/week, 2 office days incl. Tuesday",True,Sofie Claes,HR Policy Manager,2025-11-29,HR-Policies/Current Policies,
EML-03,01_emails/EML-03__travel_meal_expenses_policy_final.eml,email,3,Travel meal expenses,draft,draft_not_approved,EUR 70/day (proposal),EUR 60/day with receipts,False,Bram Wouters,HR Business Analyst,2026-05-13,HR-Project-Workspace/Working Drafts,Circulated as a proposal; some filenames say 'final'
SPO-03,02_sharepoint/SPO-03__travel_meal_expenses_info.json,sharepoint,3,Travel meal expenses,hearsay,unreliable_hearsay,"EUR 50/day flat, no receipts",EUR 60/day with receipts,False,Tom De Smet,Team Lead Operations,2025-01-15,Ops-TeamSite/Misc,Not an HR document; unverified; owner metadata may be missing
TMS-03,03_teams_messages/TMS-03__travel_meal_expenses_faq_answer.json,teams,3,Travel meal expenses,hr_clarification,authoritative_informal,EUR 60/day with receipts,EUR 60/day with receipts,True,Nadia El Amrani,HR Business Partner,2026-09-23,HR-Helpdesk/FAQ,"Correct but informal; located in helpdesk/FAQ, not the policy library"
PDF-03,04_pdf/PDF-03__travel_meal_expenses_infosheet.pdf,pdf,3,Travel meal expenses,partial,correct_but_incomplete,EUR 60/day (receipts rule omitted),EUR 60/day with receipts,True,Kevin Maes,Payroll Specialist,2026-01-10,Payroll-Team/Info Sheets,Correct headline value but omits conditions/details
PPT-03,05_powerpoint/PPT-03__HR_travel_meal_expenses_final.pptx,pptx,3,Travel meal expenses,outdated,outdated,EUR 45/day,EUR 60/day with receipts,False,Jan Peeters,HR Advisor (left company 2023),2023-09-18,HR-Policies/Policies (old),Marked 'Final'/'Approved' but superseded; review overdue; author has left the company
DOC-03,06_word/DOC-03__travel_meal_expenses_policy_2025_approved.docx,docx,3,Travel meal expenses,official_current,authoritative,EUR 60/day with receipts,EUR 60/day with receipts,True,Wim Goossens,Head of HR,2025-09-07,HR-Policies/Current Policies,
XLS-03,07_excel/XLS-03__HR_travel_meal_expenses_policy_v3.0.xlsx,xlsx,3,Travel meal expenses,official_current,authoritative,EUR 60/day with receipts,EUR 60/day with receipts,True,Wim Goossens,Head of HR,2025-10-07,HR-Policies/Current Policies,
WIK-03,08_wiki_markdown/WIK-03__travel_meal_expenses_policy_FINAL_FINAL.md,wiki,3,Travel meal expenses,outdated,outdated,EUR 45/day,EUR 60/day with receipts,False,Jan Peeters,HR Advisor (left company 2023),2022-03-22,HR-Policies/Policies (old),Marked 'Final'/'Approved' but superseded; review overdue; author has left the company
EML-04,01_emails/EML-04__annual_leave_carry_over_notes.eml,email,4,Annual leave carry-over,hearsay,unreliable_hearsay,unlimited with manager approval,"5 days, before 31 March",False,,,,Ops-TeamSite/Misc,Not an HR document; unverified; owner metadata may be missing; author/date metadata missing
SPO-04,02_sharepoint/SPO-04__annual_leave_carry_over_faq_answer.json,sharepoint,4,Annual leave carry-over,hr_clarification,authoritative_informal,"5 days, before 31 March","5 days, before 31 March",True,Sofie Claes,HR Policy Manager,2026-08-25,HR-Helpdesk/FAQ,"Correct but informal; located in helpdesk/FAQ, not the policy library"
TMS-04,03_teams_messages/TMS-04__annual_leave_carry_over_infosheet.json,teams,4,Annual leave carry-over,partial,correct_but_incomplete,5 days (deadline omitted),"5 days, before 31 March",True,Kevin Maes,Payroll Specialist,2026-01-25,Payroll-Team/Info Sheets,Correct headline value but omits conditions/details
PDF-04,04_pdf/PDF-04__HR_annual_leave_carry_over_final.pdf,pdf,4,Annual leave carry-over,outdated,outdated,"10 days, before 30 June","5 days, before 31 March",False,Marleen Vos,HR Officer (left company 2022),2022-09-21,HR-Policies/Policies (old),Marked 'Final'/'Approved' but superseded; review overdue; author has left the company
PPT-04,05_powerpoint/PPT-04__HR_annual_leave_carry_over_policy_v3.0.pptx,pptx,4,Annual leave carry-over,official_current,authoritative,"5 days, before 31 March","5 days, before 31 March",True,Wim Goossens,Head of HR,2026-05-06,HR-Policies/Current Policies,
DOC-04,06_word/DOC-04__HR_annual_leave_carry_over_policy_v3.0.docx,docx,4,Annual leave carry-over,official_current,authoritative,"5 days, before 31 March","5 days, before 31 March",True,Sofie Claes,HR Policy Manager,2026-03-23,HR-Policies/Current Policies,
XLS-04,07_excel/XLS-04__annual_leave_carry_over_policy_FINAL_v2.xlsx,xlsx,4,Annual leave carry-over,outdated,outdated,"10 days, before 30 June","5 days, before 31 March",False,Jan Peeters,HR Advisor (left company 2023),2023-08-11,HR-Policies/Policies (old),Marked 'Final'/'Approved' but superseded; review overdue; author has left the company
WIK-04,08_wiki_markdown/WIK-04__annual_leave_carry_over_proposal_v0.4_comments.md,wiki,4,Annual leave carry-over,draft,draft_not_approved,no carry-over (proposal),"5 days, before 31 March",False,Bram Wouters,HR Business Analyst,2026-08-05,HR-Project-Workspace/Working Drafts,Circulated as a proposal; some filenames say 'final'
EML-05,01_emails/EML-05__new_hire_it_onboarding_faq_answer.eml,email,5,New hire IT onboarding,hr_clarification,authoritative_informal,order 10 working days before start,order 10 working days before start,True,Sofie Claes,HR Policy Manager,2026-08-11,HR-Helpdesk/FAQ,"Correct but informal; located in helpdesk/FAQ, not the policy library"
SPO-05,02_sharepoint/SPO-05__new_hire_it_onboarding_infosheet.json,sharepoint,5,New hire IT onboarding,partial,correct_but_incomplete,10 working days (welcome plan omitted),order 10 working days before start,True,,,,Payroll-Team/Info Sheets,Correct headline value but omits conditions/details; author/date metadata missing
TMS-05,03_teams_messages/TMS-05__HR_new_hire_it_onboarding_final.json,teams,5,New hire IT onboarding,outdated,outdated,5 working days before start,order 10 working days before start,False,Marleen Vos,HR Officer (left company 2022),2023-05-03,HR-Policies/Policies (old),Marked 'Final'/'Approved' but superseded; review overdue; author has left the company
PDF-05,04_pdf/PDF-05__new_hire_it_onboarding_policy_2025_approved.pdf,pdf,5,New hire IT onboarding,official_current,authoritative,order 10 working days before start,order 10 working days before start,True,Sofie Claes,HR Policy Manager,2025-12-28,HR-Policies/Current Policies,
PPT-05,05_powerpoint/PPT-05__new_hire_it_onboarding_policy_2025_approved.pptx,pptx,5,New hire IT onboarding,official_current,authoritative,order 10 working days before start,order 10 working days before start,True,Wim Goossens,Head of HR,2026-03-01,HR-Policies/Current Policies,
DOC-05,06_word/DOC-05__new_hire_it_onboarding_policy_FINAL_v2.docx,docx,5,New hire IT onboarding,outdated,outdated,5 working days before start,order 10 working days before start,False,Jan Peeters,HR Advisor (left company 2023),2023-09-04,HR-Policies/Policies (old),Marked 'Final'/'Approved' but superseded; review overdue; author has left the company
XLS-05,07_excel/XLS-05__new_hire_it_onboarding_proposal_v0.4_comments.xlsx,xlsx,5,New hire IT onboarding,draft,draft_not_approved,15 working days (proposal),order 10 working days before start,False,Lotte Verhoeven,HR Project Lead,2026-07-26,HR-Project-Workspace/Working Drafts,Circulated as a proposal; some filenames say 'final'
WIK-05,08_wiki_markdown/WIK-05__new_hire_it_onboarding_notes.md,wiki,5,New hire IT onboarding,hearsay,unreliable_hearsay,1 day before start,order 10 working days before start,False,,,,Ops-TeamSite/Misc,Not an HR document; unverified; owner metadata may be missing; author/date metadata missing
EML-06,01_emails/EML-06__payroll_performance_review_cycle_reminder.eml,email,6,Performance review cycle,partial,correct_but_incomplete,2 cycles (months omitted),June and December,True,Kevin Maes,Payroll Specialist,2025-07-16,Payroll-Team/Info Sheets,Correct headline value but omits conditions/details
SPO-06,02_sharepoint/SPO-06__performance_review_cycle_policy_FINAL_v2.json,sharepoint,6,Performance review cycle,outdated,outdated,once a year in Q4,June and December,False,Marleen Vos,HR Officer (left company 2022),2023-10-15,HR-Policies/Policies (old),Marked 'Final'/'Approved' but superseded; review overdue; author has left the company
TMS-06,03_teams_messages/TMS-06__performance_review_cycle_policy_2025_approved.json,teams,6,Performance review cycle,official_current,authoritative,June and December,June and December,True,Wim Goossens,Head of HR,2025-09-20,HR-Policies/Current Policies,
PDF-06,04_pdf/PDF-06__performance_review_cycle_policy_2025_approved.pdf,pdf,6,Performance review cycle,official_current,authoritative,June and December,June and December,True,Sofie Claes,HR Policy Manager,2026-03-27,HR-Policies/Current Policies,
PPT-06,05_powerpoint/PPT-06__performance_review_cycle_policy_FINAL_FINAL.pptx,pptx,6,Performance review cycle,outdated,outdated,once a year in Q4,June and December,False,Marleen Vos,HR Officer (left company 2022),2022-10-18,HR-Policies/Policies (old),Marked 'Final'/'Approved' but superseded; review overdue; author has left the company
DOC-06,06_word/DOC-06__NEW_performance_review_cycle_policy_FINAL_draft.docx,docx,6,Performance review cycle,draft,draft_not_approved,quarterly check-ins (proposal),June and December,False,Lotte Verhoeven,HR Project Lead,2026-06-18,HR-Project-Workspace/Working Drafts,Circulated as a proposal; some filenames say 'final'
XLS-06,07_excel/XLS-06__performance_review_cycle_info.xlsx,xlsx,6,Performance review cycle,hearsay,unreliable_hearsay,"November, yearly",June and December,False,Kevin Janssens,Warehouse Supervisor,2026-02-20,Ops-TeamSite/Misc,Not an HR document; unverified; owner metadata may be missing
WIK-06,08_wiki_markdown/WIK-06__RE_performance_review_cycle_question.md,wiki,6,Performance review cycle,hr_clarification,authoritative_informal,June and December,June and December,True,Nadia El Amrani,HR Business Partner,2026-07-05,HR-Helpdesk/FAQ,"Correct but informal; located in helpdesk/FAQ, not the policy library"
EML-07,01_emails/EML-07__sick_leave_notification_policy_FINAL_v2.eml,email,7,Sick leave notification,outdated,outdated,certificate from day 3,notify before 9:00; certificate from day 2,False,Jan Peeters,HR Advisor (left company 2023),2022-10-19,HR-Policies/Policies (old),Marked 'Final'/'Approved' but superseded; review overdue; author has left the company
SPO-07,02_sharepoint/SPO-07__HR_sick_leave_notification_policy_v3.0.json,sharepoint,7,Sick leave notification,official_current,authoritative,notify before 9:00; certificate from day 2,notify before 9:00; certificate from day 2,True,Wim Goossens,Head of HR,2026-06-09,HR-Policies/Current Policies,
TMS-07,03_teams_messages/TMS-07__sick_leave_notification_policy_2025_approved.json,teams,7,Sick leave notification,official_current,authoritative,notify before 9:00; certificate from day 2,notify before 9:00; certificate from day 2,True,Sofie Claes,HR Policy Manager,2025-11-03,HR-Policies/Current Policies,
PDF-07,04_pdf/PDF-07__sick_leave_notification_policy_FINAL_FINAL.pdf,pdf,7,Sick leave notification,outdated,outdated,certificate from day 3,notify before 9:00; certificate from day 2,False,Marleen Vos,HR Officer (left company 2022),2022-10-31,HR-Policies/Policies (old),Marked 'Final'/'Approved' but superseded; review overdue; author has left the company
PPT-07,05_powerpoint/PPT-07__sick_leave_notification_policy_final.pptx,pptx,7,Sick leave notification,draft,draft_not_approved,certificate from day 1 (proposal),notify before 9:00; certificate from day 2,False,Bram Wouters,HR Business Analyst,2026-08-29,HR-Project-Workspace/Working Drafts,Circulated as a proposal; some filenames say 'final'
DOC-07,06_word/DOC-07__sick_leave_notification_info.docx,docx,7,Sick leave notification,hearsay,unreliable_hearsay,certificate after 1 week,notify before 9:00; certificate from day 2,False,Kevin Janssens,Warehouse Supervisor,2024-11-13,Ops-TeamSite/Misc,Not an HR document; unverified; owner metadata may be missing
XLS-07,07_excel/XLS-07__sick_leave_notification_faq_answer.xlsx,xlsx,7,Sick leave notification,hr_clarification,authoritative_informal,notify before 9:00; certificate from day 2,notify before 9:00; certificate from day 2,True,Nadia El Amrani,HR Business Partner,2026-01-13,HR-Helpdesk/FAQ,"Correct but informal; located in helpdesk/FAQ, not the policy library"
WIK-07,08_wiki_markdown/WIK-07__sick_leave_notification_infosheet.md,wiki,7,Sick leave notification,partial,correct_but_incomplete,notify before 9:00 (certificate rule omitted),notify before 9:00; certificate from day 2,True,Anke Dierckx,Payroll Coordinator,2025-06-03,Payroll-Team/Info Sheets,Correct headline value but omits conditions/details
EML-08,01_emails/EML-08__HR_training_budget_policy_v3.0.eml,email,8,Training budget,official_current,authoritative,"EUR 1,500/year","EUR 1,500/year",True,Wim Goossens,Head of HR,2025-09-23,HR-Policies/Current Policies,
SPO-08,02_sharepoint/SPO-08__HR_training_budget_policy_v3.0.json,sharepoint,8,Training budget,official_current,authoritative,"EUR 1,500/year","EUR 1,500/year",True,Sofie Claes,HR Policy Manager,2026-02-12,HR-Policies/Current Policies,
TMS-08,03_teams_messages/TMS-08__training_budget_policy_FINAL_v2.json,teams,8,Training budget,outdated,outdated,"EUR 1,000/year","EUR 1,500/year",False,Jan Peeters,HR Advisor (left company 2023),2022-03-25,HR-Policies/Policies (old),Marked 'Final'/'Approved' but superseded; review overdue; author has left the company
PDF-08,04_pdf/PDF-08__NEW_training_budget_policy_FINAL_draft.pdf,pdf,8,Training budget,draft,draft_not_approved,"EUR 2,000 senior / EUR 1,200 other (proposal)","EUR 1,500/year",False,Lotte Verhoeven,HR Project Lead,2026-09-05,HR-Project-Workspace/Working Drafts,Circulated as a proposal; some filenames say 'final'
PPT-08,05_powerpoint/PPT-08__Copy_of_training_budget_overview.pptx,pptx,8,Training budget,hearsay,unreliable_hearsay,"EUR 2,500 for technical training","EUR 1,500/year",False,,,,Ops-TeamSite/Misc,Not an HR document; unverified; owner metadata may be missing; author/date metadata missing
DOC-08,06_word/DOC-08__training_budget_faq_answer.docx,docx,8,Training budget,hr_clarification,authoritative_informal,"EUR 1,500/year","EUR 1,500/year",True,Sofie Claes,HR Policy Manager,2026-05-31,HR-Helpdesk/FAQ,"Correct but informal; located in helpdesk/FAQ, not the policy library"
XLS-08,07_excel/XLS-08__training_budget_infosheet.xlsx,xlsx,8,Training budget,partial,correct_but_incomplete,"EUR 1,500 (period and rules omitted)","EUR 1,500/year",True,,,,Payroll-Team/Info Sheets,Correct headline value but omits conditions/details; author/date metadata missing
WIK-08,08_wiki_markdown/WIK-08__training_budget_policy_FINAL_v2.md,wiki,8,Training budget,outdated,outdated,"EUR 1,000/year","EUR 1,500/year",False,Marleen Vos,HR Officer (left company 2022),2022-10-07,HR-Policies/Policies (old),Marked 'Final'/'Approved' but superseded; review overdue; author has left the company
EML-09,01_emails/EML-09__company_car_policy_policy_2025_approved.eml,email,9,Company car policy,official_current,authoritative,"EV only, max EUR 55,000","EV only, max EUR 55,000",True,Wim Goossens,Head of HR,2025-09-26,HR-Policies/Current Policies,
SPO-09,02_sharepoint/SPO-09__HR_company_car_policy_final.json,sharepoint,9,Company car policy,outdated,outdated,"hybrid/petrol up to 120 g/km, max EUR 45,000","EV only, max EUR 55,000",False,Marleen Vos,HR Officer (left company 2022),2022-08-04,HR-Policies/Policies (old),Marked 'Final'/'Approved' but superseded; review overdue; author has left the company
TMS-09,03_teams_messages/TMS-09__company_car_policy_proposal_v0.4_comments.json,teams,9,Company car policy,draft,draft_not_approved,"EV only, max EUR 60,000 (proposal)","EV only, max EUR 55,000",False,Lotte Verhoeven,HR Project Lead,2026-08-10,HR-Project-Workspace/Working Drafts,Circulated as a proposal; some filenames say 'final'
PDF-09,04_pdf/PDF-09__Copy_of_company_car_policy_overview.pdf,pdf,9,Company car policy,hearsay,unreliable_hearsay,hybrid allowed until year-end,"EV only, max EUR 55,000",False,Kevin Janssens,Warehouse Supervisor,2026-04-30,Ops-TeamSite/Misc,Not an HR document; unverified; owner metadata may be missing
PPT-09,05_powerpoint/PPT-09__RE_company_car_policy_question.pptx,pptx,9,Company car policy,hr_clarification,authoritative_informal,"EV only, max EUR 55,000","EV only, max EUR 55,000",True,Sofie Claes,HR Policy Manager,2026-09-23,HR-Helpdesk/FAQ,"Correct but informal; located in helpdesk/FAQ, not the policy library"
DOC-09,06_word/DOC-09__payroll_company_car_policy_reminder.docx,docx,9,Company car policy,partial,correct_but_incomplete,EV only (price cap omitted),"EV only, max EUR 55,000",True,Kevin Maes,Payroll Specialist,2025-10-12,Payroll-Team/Info Sheets,Correct headline value but omits conditions/details
XLS-09,07_excel/XLS-09__company_car_policy_policy_FINAL_FINAL.xlsx,xlsx,9,Company car policy,outdated,outdated,"hybrid/petrol up to 120 g/km, max EUR 45,000","EV only, max EUR 55,000",False,Jan Peeters,HR Advisor (left company 2023),2023-05-15,HR-Policies/Policies (old),Marked 'Final'/'Approved' but superseded; review overdue; author has left the company
WIK-09,08_wiki_markdown/WIK-09__company_car_policy_policy_2025_approved.md,wiki,9,Company car policy,official_current,authoritative,"EV only, max EUR 55,000","EV only, max EUR 55,000",True,Wim Goossens,Head of HR,2025-10-14,HR-Policies/Current Policies,
EML-10,01_emails/EML-10__annual_bonus_payout_policy_FINAL_FINAL.eml,email,10,Annual bonus payout,outdated,outdated,April payroll,March payroll,False,Marleen Vos,HR Officer (left company 2022),2022-12-19,HR-Policies/Policies (old),Marked 'Final'/'Approved' but superseded; review overdue; author has left the company
SPO-10,02_sharepoint/SPO-10__annual_bonus_payout_policy_final.json,sharepoint,10,Annual bonus payout,draft,draft_not_approved,March + September (proposal),March payroll,False,Lotte Verhoeven,HR Project Lead,2026-07-17,HR-Project-Workspace/Working Drafts,Circulated as a proposal; some filenames say 'final'
TMS-10,03_teams_messages/TMS-10__annual_bonus_payout_notes.json,teams,10,Annual bonus payout,hearsay,unreliable_hearsay,end of April,March payroll,False,Dries Mertens,Sales Manager,2025-11-02,Ops-TeamSite/Misc,Not an HR document; unverified; owner metadata may be missing
PDF-10,04_pdf/PDF-10__RE_annual_bonus_payout_question.pdf,pdf,10,Annual bonus payout,hr_clarification,authoritative_informal,March payroll,March payroll,True,Nadia El Amrani,HR Business Partner,2026-02-09,HR-Helpdesk/FAQ,"Correct but informal; located in helpdesk/FAQ, not the policy library"
PPT-10,05_powerpoint/PPT-10__payroll_annual_bonus_payout_reminder.pptx,pptx,10,Annual bonus payout,partial,correct_but_incomplete,spring (month omitted),March payroll,True,Anke Dierckx,Payroll Coordinator,2025-09-07,Payroll-Team/Info Sheets,Correct headline value but omits conditions/details
DOC-10,06_word/DOC-10__annual_bonus_payout_policy_FINAL_v2.docx,docx,10,Annual bonus payout,outdated,outdated,April payroll,March payroll,False,Marleen Vos,HR Officer (left company 2022),2023-04-03,HR-Policies/Policies (old),Marked 'Final'/'Approved' but superseded; review overdue; author has left the company
XLS-10,07_excel/XLS-10__annual_bonus_payout_policy_2025_approved.xlsx,xlsx,10,Annual bonus payout,official_current,authoritative,March payroll,March payroll,True,Sofie Claes,HR Policy Manager,2026-03-21,HR-Policies/Current Policies,
WIK-10,08_wiki_markdown/WIK-10__HR_annual_bonus_payout_policy_v3.0.md,wiki,10,Annual bonus payout,official_current,authoritative,March payroll,March payroll,True,Wim Goossens,Head of HR,2025-11-02,HR-Policies/Current Policies,
