doc_id,path,format
EML-01,01_emails/EML-01__parental_leave_policy_2025_approved.eml,email
SPO-01,02_sharepoint/SPO-01__parental_leave_policy_FINAL_FINAL.json,sharepoint
TMS-01,03_teams_messages/TMS-01__parental_leave_policy_final.json,teams
PDF-01,04_pdf/PDF-01__parental_leave_notes.pdf,pdf
PPT-01,05_powerpoint/PPT-01__RE_parental_leave_question.pptx,pptx
DOC-01,06_word/DOC-01__payroll_parental_leave_reminder.docx,docx
XLS-01,07_excel/XLS-01__HR_parental_leave_final.xlsx,xlsx
WIK-01,08_wiki_markdown/WIK-01__parental_leave_policy_2025_approved.md,wiki
EML-02,01_emails/EML-02__remote_work_policy_FINAL_v2.eml,email
SPO-02,02_sharepoint/SPO-02__remote_work_proposal_v0.4_comments.json,sharepoint
TMS-02,03_teams_messages/TMS-02__remote_work_notes.json,teams
PDF-02,04_pdf/PDF-02__remote_work_faq_answer.pdf,pdf
PPT-02,05_powerpoint/PPT-02__payroll_remote_work_reminder.pptx,pptx
DOC-02,06_word/DOC-02__HR_remote_work_final.docx,docx
XLS-02,07_excel/XLS-02__remote_work_policy_2025_approved.xlsx,xlsx
WIK-02,08_wiki_markdown/WIK-02__HR_remote_work_policy_v3.0.md,wiki
EML-03,01_emails/EML-03__travel_meal_expenses_policy_final.eml,email
SPO-03,02_sharepoint/SPO-03__travel_meal_expenses_info.json,sharepoint
TMS-03,03_teams_messages/TMS-03__travel_meal_expenses_faq_answer.json,teams
PDF-03,04_pdf/PDF-03__travel_meal_expenses_infosheet.pdf,pdf
PPT-03,05_powerpoint/PPT-03__HR_travel_meal_expenses_final.pptx,pptx
DOC-03,06_word/DOC-03__travel_meal_expenses_policy_2025_approved.docx,docx
XLS-03,07_excel/XLS-03__HR_travel_meal_expenses_policy_v3.0.xlsx,xlsx
WIK-03,08_wiki_markdown/WIK-03__travel_meal_expenses_policy_FINAL_FINAL.md,wiki
EML-04,01_emails/EML-04__annual_leave_carry_over_notes.eml,email
SPO-04,02_sharepoint/SPO-04__annual_leave_carry_over_faq_answer.json,sharepoint
TMS-04,03_teams_messages/TMS-04__annual_leave_carry_over_infosheet.json,teams
PDF-04,04_pdf/PDF-04__HR_annual_leave_carry_over_final.pdf,pdf
PPT-04,05_powerpoint/PPT-04__HR_annual_leave_carry_over_policy_v3.0.pptx,pptx
DOC-04,06_word/DOC-04__HR_annual_leave_carry_over_policy_v3.0.docx,docx
XLS-04,07_excel/XLS-04__annual_leave_carry_over_policy_FINAL_v2.xlsx,xlsx
WIK-04,08_wiki_markdown/WIK-04__annual_leave_carry_over_proposal_v0.4_comments.md,wiki
EML-05,01_emails/EML-05__new_hire_it_onboarding_faq_answer.eml,email
SPO-05,02_sharepoint/SPO-05__new_hire_it_onboarding_infosheet.json,sharepoint
TMS-05,03_teams_messages/TMS-05__HR_new_hire_it_onboarding_final.json,teams
PDF-05,04_pdf/PDF-05__new_hire_it_onboarding_policy_2025_approved.pdf,pdf
PPT-05,05_powerpoint/PPT-05__new_hire_it_onboarding_policy_2025_approved.pptx,pptx
DOC-05,06_word/DOC-05__new_hire_it_onboarding_policy_FINAL_v2.docx,docx
XLS-05,07_excel/XLS-05__new_hire_it_onboarding_proposal_v0.4_comments.xlsx,xlsx
WIK-05,08_wiki_markdown/WIK-05__new_hire_it_onboarding_notes.md,wiki
EML-06,01_emails/EML-06__payroll_performance_review_cycle_reminder.eml,email
SPO-06,02_sharepoint/SPO-06__performance_review_cycle_policy_FINAL_v2.json,sharepoint
TMS-06,03_teams_messages/TMS-06__performance_review_cycle_policy_2025_approved.json,teams
PDF-06,04_pdf/PDF-06__performance_review_cycle_policy_2025_approved.pdf,pdf
PPT-06,05_powerpoint/PPT-06__performance_review_cycle_policy_FINAL_FINAL.pptx,pptx
DOC-06,06_word/DOC-06__NEW_performance_review_cycle_policy_FINAL_draft.docx,docx
XLS-06,07_excel/XLS-06__performance_review_cycle_info.xlsx,xlsx
WIK-06,08_wiki_markdown/WIK-06__RE_performance_review_cycle_question.md,wiki
EML-07,01_emails/EML-07__sick_leave_notification_policy_FINAL_v2.eml,email
SPO-07,02_sharepoint/SPO-07__HR_sick_leave_notification_policy_v3.0.json,sharepoint
TMS-07,03_teams_messages/TMS-07__sick_leave_notification_policy_2025_approved.json,teams
PDF-07,04_pdf/PDF-07__sick_leave_notification_policy_FINAL_FINAL.pdf,pdf
PPT-07,05_powerpoint/PPT-07__sick_leave_notification_policy_final.pptx,pptx
DOC-07,06_word/DOC-07__sick_leave_notification_info.docx,docx
XLS-07,07_excel/XLS-07__sick_leave_notification_faq_answer.xlsx,xlsx
WIK-07,08_wiki_markdown/WIK-07__sick_leave_notification_infosheet.md,wiki
EML-08,01_emails/EML-08__HR_training_budget_policy_v3.0.eml,email
SPO-08,02_sharepoint/SPO-08__HR_training_budget_policy_v3.0.json,sharepoint
TMS-08,03_teams_messages/TMS-08__training_budget_policy_FINAL_v2.json,teams
PDF-08,04_pdf/PDF-08__NEW_training_budget_policy_FINAL_draft.pdf,pdf
PPT-08,05_powerpoint/PPT-08__Copy_of_training_budget_overview.pptx,pptx
DOC-08,06_word/DOC-08__training_budget_faq_answer.docx,docx
XLS-08,07_excel/XLS-08__training_budget_infosheet.xlsx,xlsx
WIK-08,08_wiki_markdown/WIK-08__training_budget_policy_FINAL_v2.md,wiki
EML-09,01_emails/EML-09__company_car_policy_policy_2025_approved.eml,email
SPO-09,02_sharepoint/SPO-09__HR_company_car_policy_final.json,sharepoint
TMS-09,03_teams_messages/TMS-09__company_car_policy_proposal_v0.4_comments.json,teams
PDF-09,04_pdf/PDF-09__Copy_of_company_car_policy_overview.pdf,pdf
PPT-09,05_powerpoint/PPT-09__RE_company_car_policy_question.pptx,pptx
DOC-09,06_word/DOC-09__payroll_company_car_policy_reminder.docx,docx
XLS-09,07_excel/XLS-09__company_car_policy_policy_FINAL_FINAL.xlsx,xlsx
WIK-09,08_wiki_markdown/WIK-09__company_car_policy_policy_2025_approved.md,wiki
EML-10,01_emails/EML-10__annual_bonus_payout_policy_FINAL_FINAL.eml,email
SPO-10,02_sharepoint/SPO-10__annual_bonus_payout_policy_final.json,sharepoint
TMS-10,03_teams_messages/TMS-10__annual_bonus_payout_notes.json,teams
PDF-10,04_pdf/PDF-10__RE_annual_bonus_payout_question.pdf,pdf
PPT-10,05_powerpoint/PPT-10__payroll_annual_bonus_payout_reminder.pptx,pptx
DOC-10,06_word/DOC-10__annual_bonus_payout_policy_FINAL_v2.docx,docx
XLS-10,07_excel/XLS-10__annual_bonus_payout_policy_2025_approved.xlsx,xlsx
WIK-10,08_wiki_markdown/WIK-10__HR_annual_bonus_payout_policy_v3.0.md,wiki
